[
  {
    "_id": "61817d93dfc9e46fd1c99c51",
    "index": 0,
    "guid": "1a0ac910-ab19-4703-9624-06973f8f93f2",
    "isActive": false,
    "balance": "$3,630.17",
    "picture": "https://picsum.photos/200",
    "age": 25,
    "eyeColor": "<img className=\"img-cont-1\" src=\"https://images.unsplash.com/photo-1610971441312-6578dc23f34f?ixid=MnwxMjA3fDB8MHxwaG90by1wYWdlfHx8fGVufDB8fHx8&ixlib=rb-1.2.1&auto=format&fit=crop&w=1470&q=80\" alt=\"description of\" />",
    "name": "Mandy Perkins",
    "gender": "female",
    "company": "OATFARM",
    "email": "mandyperkins@oatfarm.com",
    "phone": "+1 (967) 553-3852",
    "address": "650 Sands Street, Beechmont, Kentucky, 6478",
    "about": "Consectetur enim minim incididunt irure tempor anim labore nisi ex Lorem. Ad dolor tempor cillum anim nisi ad fugiat pariatur eu. Aute commodo sit dolore ut anim id sunt. Adipisicing aliqua quis adipisicing velit. Reprehenderit labore est eiusmod ad duis incididunt ullamco culpa aute.\r\n",
    "registered": "2020-06-08T03:28:38 -04:00",
    "latitude": -37.191843,
    "longitude": -58.730516,
    "tags": [
      "est",
      "deserunt",
      "ea",
      "veniam",
      "excepteur",
      "tempor",
      "sunt"
    ],
    "friends": [
      {
        "id": 0,
        "name": "Louella Quinn"
      },
      {
        "id": 1,
        "name": "Willis Bullock"
      },
      {
        "id": 2,
        "name": "Bessie Downs"
      }
    ],
    "greeting": "Hello, Mandy Perkins! You have 4 unread messages.",
    "favoriteFruit": "apple"
  },
  {
    "_id": "61817d938548eec063d2017c",
    "index": 1,
    "guid": "400eb21a-3881-475e-b57d-d0ce1bbab393",
    "isActive": false,
    "balance": "$3,341.48",
    "picture": "https://picsum.photos/200",
    "age": 38,
    "eyeColor": "<img className=\"img-cont-1\" src=\"https://images.unsplash.com/photo-1610971441312-6578dc23f34f?ixid=MnwxMjA3fDB8MHxwaG90by1wYWdlfHx8fGVufDB8fHx8&ixlib=rb-1.2.1&auto=format&fit=crop&w=1470&q=80\" alt=\"description of\" />",
    "name": "Angeline Peters",
    "gender": "female",
    "company": "CUIZINE",
    "email": "angelinepeters@cuizine.com",
    "phone": "+1 (974) 501-3894",
    "address": "646 Crystal Street, Forestburg, North Carolina, 3044",
    "about": "Quis mollit occaecat nisi sunt commodo reprehenderit elit esse nulla fugiat dolore id commodo. Quis ex laboris do ut nostrud nulla mollit esse in dolore quis veniam incididunt aliqua. Culpa proident velit nostrud est ipsum. Eiusmod reprehenderit velit nostrud proident nulla laboris commodo do minim laborum duis ex ex aliqua. Ullamco nulla ipsum sunt excepteur dolore do laborum aute velit cupidatat Lorem non mollit. Excepteur ea tempor nulla dolor aliqua minim elit et magna fugiat sit dolore eiusmod ad.\r\n",
    "registered": "2020-08-13T12:50:43 -04:00",
    "latitude": -10.782402,
    "longitude": -113.443829,
    "tags": [
      "enim",
      "aliqua",
      "aliqua",
      "fugiat",
      "fugiat",
      "duis",
      "ad"
    ],
    "friends": [
      {
        "id": 0,
        "name": "Ashley Horne"
      },
      {
        "id": 1,
        "name": "Marcy Bryant"
      },
      {
        "id": 2,
        "name": "Murray Kane"
      }
    ],
    "greeting": "Hello, Angeline Peters! You have 3 unread messages.",
    "favoriteFruit": "apple"
  },
  {
    "_id": "61817d93c5b6d321ac23e8b0",
    "index": 2,
    "guid": "d23ef77a-e8cf-4401-8163-8b8961e0dbb8",
    "isActive": true,
    "balance": "$1,275.78",
    "picture": "https://picsum.photos/200",
    "age": 30,
    "eyeColor": "<img className=\"img-cont-1\" src=\"https://images.unsplash.com/photo-1610971441312-6578dc23f34f?ixid=MnwxMjA3fDB8MHxwaG90by1wYWdlfHx8fGVufDB8fHx8&ixlib=rb-1.2.1&auto=format&fit=crop&w=1470&q=80\" alt=\"description of\" />",
    "name": "Felicia Perry",
    "gender": "female",
    "company": "CEPRENE",
    "email": "feliciaperry@ceprene.com",
    "phone": "+1 (998) 511-3813",
    "address": "347 Wolcott Street, Waikele, Hawaii, 4327",
    "about": "Nulla esse veniam qui eiusmod proident fugiat occaecat non qui enim anim ullamco reprehenderit. Amet eiusmod consectetur anim quis officia amet occaecat mollit quis duis do excepteur. Consectetur sunt officia excepteur id qui sit nostrud amet officia amet Lorem quis ipsum. Veniam consequat commodo anim irure deserunt est quis et fugiat officia cillum aliqua eiusmod esse.\r\n",
    "registered": "2021-04-24T11:36:28 -04:00",
    "latitude": 85.871508,
    "longitude": -147.233835,
    "tags": [
      "sit",
      "amet",
      "laborum",
      "et",
      "tempor",
      "ullamco",
      "minim"
    ],
    "friends": [
      {
        "id": 0,
        "name": "Todd Cox"
      },
      {
        "id": 1,
        "name": "Briana Bowman"
      },
      {
        "id": 2,
        "name": "Waller Stokes"
      }
    ],
    "greeting": "Hello, Felicia Perry! You have 10 unread messages.",
    "favoriteFruit": "apple"
  },
  {
    "_id": "61817d934836bfd7e365f643",
    "index": 3,
    "guid": "edcd79ef-b439-4720-83e2-7709639ed837",
    "isActive": false,
    "balance": "$1,708.91",
    "picture": "https://picsum.photos/200",
    "age": 31,
    "eyeColor": "<img className=\"img-cont-1\" src=\"https://images.unsplash.com/photo-1610971441312-6578dc23f34f?ixid=MnwxMjA3fDB8MHxwaG90by1wYWdlfHx8fGVufDB8fHx8&ixlib=rb-1.2.1&auto=format&fit=crop&w=1470&q=80\" alt=\"description of\" />",
    "name": "Etta Gordon",
    "gender": "female",
    "company": "VERTON",
    "email": "ettagordon@verton.com",
    "phone": "+1 (834) 462-3713",
    "address": "484 Bedford Avenue, Sharon, Minnesota, 4213",
    "about": "Nulla Lorem magna mollit reprehenderit. Pariatur ipsum anim nostrud nisi culpa in incididunt ut ex do. Ex laborum nostrud veniam eu aliquip cillum aliquip. Ex cupidatat culpa et quis Lorem ea in fugiat duis ex do reprehenderit.\r\n",
    "registered": "2016-03-28T04:06:44 -03:00",
    "latitude": -43.85983,
    "longitude": -80.259964,
    "tags": [
      "nisi",
      "anim",
      "aliqua",
      "fugiat",
      "deserunt",
      "in",
      "duis"
    ],
    "friends": [
      {
        "id": 0,
        "name": "Wilda George"
      },
      {
        "id": 1,
        "name": "Billie Pearson"
      },
      {
        "id": 2,
        "name": "Bernadine Cortez"
      }
    ],
    "greeting": "Hello, Etta Gordon! You have 4 unread messages.",
    "favoriteFruit": "apple"
  },
  {
    "_id": "61817d93fed49e079f78f4a1",
    "index": 4,
    "guid": "010480ee-4f80-41cb-b33d-ee8f4a0db924",
    "isActive": true,
    "balance": "$1,160.94",
    "picture": "https://picsum.photos/200",
    "age": 24,
    "eyeColor": "<img className=\"img-cont-1\" src=\"https://images.unsplash.com/photo-1610971441312-6578dc23f34f?ixid=MnwxMjA3fDB8MHxwaG90by1wYWdlfHx8fGVufDB8fHx8&ixlib=rb-1.2.1&auto=format&fit=crop&w=1470&q=80\" alt=\"description of\" />",
    "name": "Kirkland Payne",
    "gender": "male",
    "company": "BRAINCLIP",
    "email": "kirklandpayne@brainclip.com",
    "phone": "+1 (998) 539-2718",
    "address": "433 Hubbard Street, Cashtown, Georgia, 8977",
    "about": "Commodo consectetur id sit ullamco commodo nisi. Anim officia veniam sit culpa culpa id. Aliqua cupidatat id aute ad exercitation anim sint ex eu deserunt deserunt. Cupidatat laboris eiusmod exercitation aliquip est. Labore fugiat laboris nulla laboris enim aliquip.\r\n",
    "registered": "2014-05-05T02:11:52 -04:00",
    "latitude": 11.904493,
    "longitude": -108.996965,
    "tags": [
      "cillum",
      "occaecat",
      "Lorem",
      "consequat",
      "fugiat",
      "cupidatat",
      "aute"
    ],
    "friends": [
      {
        "id": 0,
        "name": "Mcfarland Stuart"
      },
      {
        "id": 1,
        "name": "Lillie Schneider"
      },
      {
        "id": 2,
        "name": "Carroll Smith"
      }
    ],
    "greeting": "Hello, Kirkland Payne! You have 2 unread messages.",
    "favoriteFruit": "apple"
  },
  {
    "_id": "61817d9391e0db5088e455df",
    "index": 5,
    "guid": "1c12cab9-0022-41a0-9700-b0cdcfee265d",
    "isActive": true,
    "balance": "$3,525.11",
    "picture": "https://picsum.photos/200",
    "age": 24,
    "eyeColor": "<img className=\"img-cont-1\" src=\"https://images.unsplash.com/photo-1610971441312-6578dc23f34f?ixid=MnwxMjA3fDB8MHxwaG90by1wYWdlfHx8fGVufDB8fHx8&ixlib=rb-1.2.1&auto=format&fit=crop&w=1470&q=80\" alt=\"description of\" />",
    "name": "Wright Moss",
    "gender": "male",
    "company": "SONIQUE",
    "email": "wrightmoss@sonique.com",
    "phone": "+1 (887) 575-3784",
    "address": "559 Hewes Street, Jardine, Federated States Of Micronesia, 2947",
    "about": "Nostrud consectetur do reprehenderit aliqua ea nulla incididunt anim veniam et duis cupidatat. Dolore voluptate ipsum aute non elit do. Reprehenderit magna duis laboris consequat aute anim est sint minim aute cupidatat ipsum. Adipisicing aute enim Lorem est duis magna mollit et proident exercitation est sunt officia enim. Reprehenderit commodo eiusmod do tempor dolor.\r\n",
    "registered": "2016-11-01T05:29:47 -03:00",
    "latitude": -39.343966,
    "longitude": 72.731365,
    "tags": [
      "voluptate",
      "adipisicing",
      "officia",
      "dolore",
      "sit",
      "nostrud",
      "consectetur"
    ],
    "friends": [
      {
        "id": 0,
        "name": "Polly Rivers"
      },
      {
        "id": 1,
        "name": "Patton Fleming"
      },
      {
        "id": 2,
        "name": "Tasha Glenn"
      }
    ],
    "greeting": "Hello, Wright Moss! You have 10 unread messages.",
    "favoriteFruit": "apple"
  },
  {
    "_id": "61817d93f346cce726b6b985",
    "index": 6,
    "guid": "44cdea31-db0c-4848-8d37-3a96ef9b3db9",
    "isActive": true,
    "balance": "$3,402.32",
    "picture": "https://picsum.photos/200",
    "age": 22,
    "eyeColor": "<img className=\"img-cont-1\" src=\"https://images.unsplash.com/photo-1610971441312-6578dc23f34f?ixid=MnwxMjA3fDB8MHxwaG90by1wYWdlfHx8fGVufDB8fHx8&ixlib=rb-1.2.1&auto=format&fit=crop&w=1470&q=80\" alt=\"description of\" />",
    "name": "Liz Garner",
    "gender": "female",
    "company": "BRISTO",
    "email": "lizgarner@bristo.com",
    "phone": "+1 (963) 494-3264",
    "address": "108 Middagh Street, Itmann, District Of Columbia, 5833",
    "about": "Fugiat velit nostrud mollit in enim enim incididunt Lorem reprehenderit quis sunt tempor nostrud. Consectetur exercitation pariatur nostrud non pariatur veniam sit ipsum eu non occaecat. Culpa cupidatat consectetur elit deserunt aliquip fugiat. Aliqua ex eiusmod cillum sunt elit ut incididunt incididunt mollit. Nisi dolor irure ad qui adipisicing cupidatat amet velit. Cillum fugiat culpa et in fugiat ipsum in dolore.\r\n",
    "registered": "2016-05-17T11:40:05 -03:00",
    "latitude": 48.464122,
    "longitude": 4.516712,
    "tags": [
      "irure",
      "cupidatat",
      "qui",
      "consequat",
      "fugiat",
      "tempor",
      "sint"
    ],
    "friends": [
      {
        "id": 0,
        "name": "Lorene Waller"
      },
      {
        "id": 1,
        "name": "Neva Flynn"
      },
      {
        "id": 2,
        "name": "Renee Hardy"
      }
    ],
    "greeting": "Hello, Liz Garner! You have 4 unread messages.",
    "favoriteFruit": "strawberry"
  },
  {
    "_id": "61817d93cde88545f46742b4",
    "index": 7,
    "guid": "2f2ec45e-47fc-49e9-84e0-ff4753fb70be",
    "isActive": true,
    "balance": "$1,151.04",
    "picture": "https://picsum.photos/200",
    "age": 29,
    "eyeColor": "<img className=\"img-cont-1\" src=\"https://images.unsplash.com/photo-1610971441312-6578dc23f34f?ixid=MnwxMjA3fDB8MHxwaG90by1wYWdlfHx8fGVufDB8fHx8&ixlib=rb-1.2.1&auto=format&fit=crop&w=1470&q=80\" alt=\"description of\" />",
    "name": "Harrison Ball",
    "gender": "male",
    "company": "BLUEGRAIN",
    "email": "harrisonball@bluegrain.com",
    "phone": "+1 (816) 418-2708",
    "address": "406 Dwight Street, Healy, California, 5320",
    "about": "Consectetur culpa ex ullamco proident non. Do consequat sit tempor adipisicing commodo magna Lorem ad incididunt incididunt quis. Consectetur ipsum quis est aliqua. Aliquip mollit ea pariatur veniam labore Lorem cillum anim irure velit culpa. Et nostrud in id mollit irure cillum adipisicing culpa tempor do ullamco consectetur amet tempor. Nostrud labore commodo veniam voluptate consequat dolor eiusmod. In fugiat irure labore excepteur ipsum adipisicing consectetur commodo ad magna ex pariatur dolor adipisicing.\r\n",
    "registered": "2020-07-28T04:33:34 -04:00",
    "latitude": -80.487861,
    "longitude": -107.723012,
    "tags": [
      "cupidatat",
      "ut",
      "et",
      "reprehenderit",
      "esse",
      "veniam",
      "consectetur"
    ],
    "friends": [
      {
        "id": 0,
        "name": "Heidi Barron"
      },
      {
        "id": 1,
        "name": "Fry Carter"
      },
      {
        "id": 2,
        "name": "Gamble Glover"
      }
    ],
    "greeting": "Hello, Harrison Ball! You have 10 unread messages.",
    "favoriteFruit": "apple"
  },
  {
    "_id": "61817d93b3a0aafc5e255b91",
    "index": 8,
    "guid": "97f8dbbb-15fa-4724-8ad9-ed4adc4e6e2b",
    "isActive": true,
    "balance": "$3,387.75",
    "picture": "https://picsum.photos/200",
    "age": 40,
    "eyeColor": "<img className=\"img-cont-1\" src=\"https://images.unsplash.com/photo-1610971441312-6578dc23f34f?ixid=MnwxMjA3fDB8MHxwaG90by1wYWdlfHx8fGVufDB8fHx8&ixlib=rb-1.2.1&auto=format&fit=crop&w=1470&q=80\" alt=\"description of\" />",
    "name": "Latoya Carson",
    "gender": "female",
    "company": "MINGA",
    "email": "latoyacarson@minga.com",
    "phone": "+1 (874) 433-2129",
    "address": "696 Malta Street, Sexton, Arizona, 1126",
    "about": "Nostrud laborum reprehenderit velit ullamco duis ea nulla deserunt. Exercitation nulla ipsum irure nulla aliqua. Amet cillum anim quis est veniam duis eu adipisicing nulla proident excepteur non. Magna occaecat cupidatat occaecat anim ipsum nulla aute esse ad qui culpa. Anim do sunt labore et. Dolor ipsum enim officia incididunt amet amet veniam sunt aute nisi ex nisi Lorem. Nostrud voluptate elit do adipisicing cillum pariatur sunt.\r\n",
    "registered": "2019-06-28T12:05:19 -04:00",
    "latitude": 20.625131,
    "longitude": -168.527565,
    "tags": [
      "anim",
      "pariatur",
      "fugiat",
      "amet",
      "occaecat",
      "cupidatat",
      "non"
    ],
    "friends": [
      {
        "id": 0,
        "name": "Hull Strickland"
      },
      {
        "id": 1,
        "name": "Nita Herman"
      },
      {
        "id": 2,
        "name": "Lindsay Dotson"
      }
    ],
    "greeting": "Hello, Latoya Carson! You have 3 unread messages.",
    "favoriteFruit": "apple"
  }
]